id,name,role,team,location,email
1,Asta Kim,Software Engineer,Design,"Vilnius, LT",asta.kim@example.com
2,Hayden Lopez,Analyst,Frontend,"San Francisco, CA",hayden.lopez@example.com
3,Rasa Green,Software Engineer,Platform,"San Francisco, CA",rasa.green@example.com
4,Reese Wilson,Engineering Manager,Security,"New York, NY",reese.wilson@example.com
5,Milos Brown,Analyst,Research,"London, UK",milos.brown@example.com
6,Hayden Adams,Product Designer,Design,"New York, NY",hayden.adams@example.com
7,Rokas Lazauskas,Product Manager,Growth,Remote - CET,rokas.lazauskas@example.com
8,Kendall Lopez,Designer,Data,"San Francisco, CA",kendall.lopez@example.com
9,Morgan Scott,Senior Software Engineer,Data,Remote - CET,morgan.scott@example.com
10,Ona Lee,Site Reliability Engineer,Platform,"Berlin, DE",ona.lee@example.com
11,Ivy Kim,Security Engineer,Growth,"San Francisco, CA",ivy.kim@example.com
12,Milos Clark,Technical Writer,Security,Remote - CET,milos.clark@example.com
13,Viktor Brown,Analyst,Frontend,"New York, NY",viktor.brown@example.com
14,Ruta Wilson,Site Reliability Engineer,Design,"San Francisco, CA",ruta.wilson@example.com
15,Hayden Zukauskas,Senior Software Engineer,Growth,Remote - EST,hayden.zukauskas@example.com
16,Nico Gonzalez,Technical Writer,Data,"Copenhagen, DK",nico.gonzalez@example.com
17,Arin Wright,Designer,Design,"San Francisco, CA",arin.wright@example.com
18,Ona Gonzalez,Product Manager,Research,"Vilnius, LT",ona.gonzalez@example.com
19,Drew Adams,DevOps Engineer,Design,"Vilnius, LT",drew.adams@example.com
20,Gedas King,Technical Writer,Platform,"Vilnius, LT",gedas.king@example.com
21,Riley Lazauskas,QA Engineer,Growth,Remote - EST,riley.lazauskas@example.com
22,Taylor Brown,Security Engineer,Security,Remote - CET,taylor.brown@example.com
23,Reese Gonzalez,Researcher,Growth,"Berlin, DE",reese.gonzalez@example.com
24,Parker Lee,Product Manager,Mobile,Remote - EST,parker.lee@example.com
25,Egle Mitchell,DevOps Engineer,Security,"London, UK",egle.mitchell@example.com
26,Arin Wilson,Product Manager,Research,"Berlin, DE",arin.wilson@example.com
27,Morgan Jankauskas,Software Engineer,Frontend,"Copenhagen, DK",morgan.jankauskas@example.com
28,Asta Martinez,Site Reliability Engineer,Growth,"San Francisco, CA",asta.martinez@example.com
29,Remy Scott,Product Designer,DevOps,Remote - EST,remy.scott@example.com
30,Milos Zukauskas,Software Engineer,Frontend,Remote - EST,milos.zukauskas@example.com
31,Vita Gonzalez,QA Engineer,Frontend,Remote - EST,vita.gonzalez@example.com
32,Marin Martinez,Researcher,Platform,Remote - EST,marin.martinez@example.com
33,Ira Jankauskas,Product Manager,Research,"San Francisco, CA",ira.jankauskas@example.com
34,Asta Clark,Technical Writer,Research,"Vilnius, LT",asta.clark@example.com
35,Parker Wright,Site Reliability Engineer,Backend,"New York, NY",parker.wright@example.com
36,Ona King,Researcher,Platform,"San Francisco, CA",ona.king@example.com
37,Arin Vilkas,Technical Writer,Design,"Vilnius, LT",arin.vilkas@example.com
38,Jordan Wilson,Security Engineer,Security,"San Francisco, CA",jordan.wilson@example.com
39,Morgan Gruber,Researcher,Frontend,"Copenhagen, DK",morgan.gruber@example.com
40,Avery Harris,Researcher,Research,"Copenhagen, DK",avery.harris@example.com
41,Jamie Nelson,Technical Writer,Security,"London, UK",jamie.nelson@example.com
42,Reese Petrauskas,Engineering Manager,Mobile,Remote - EST,reese.petrauskas@example.com
43,Sage Harris,UX Researcher,Data,"Berlin, DE",sage.harris@example.com
44,Zoe Adams,Senior Software Engineer,Mobile,"Vilnius, LT",zoe.adams@example.com
45,Taylor King,Software Engineer,Security,"Vilnius, LT",taylor.king@example.com
46,Rasa Wilson,Software Engineer,Frontend,"New York, NY",rasa.wilson@example.com
47,Hayden Nguyen,Security Engineer,Platform,Remote - CET,hayden.nguyen@example.com
48,Taylor Nelson,Designer,Design,"Berlin, DE",taylor.nelson@example.com
49,Reese Carter,Product Manager,Security,"Berlin, DE",reese.carter@example.com
50,Rowan Lazauskas,Researcher,Growth,"Vilnius, LT",rowan.lazauskas@example.com
51,Casey Kim,UX Researcher,Growth,Remote - CET,casey.kim@example.com
52,Marin Green,Researcher,Platform,"San Francisco, CA",marin.green@example.com
53,Jordan Scott,Analyst,Data,"San Francisco, CA",jordan.scott@example.com
54,Rowan Brown,Designer,Research,"Berlin, DE",rowan.brown@example.com
55,Avery Green,Product Manager,Design,"Berlin, DE",avery.green@example.com
56,Rowan Zukauskas,Security Engineer,Frontend,"Berlin, DE",rowan.zukauskas@example.com
57,Milos Kim,Software Engineer,Research,"New York, NY",milos.kim@example.com
58,Morgan Petrauskas,Site Reliability Engineer,Mobile,"Copenhagen, DK",morgan.petrauskas@example.com
59,Terry Baker,Researcher,Mobile,"London, UK",terry.baker@example.com
60,Jordan Martinez,DevOps Engineer,Platform,"London, UK",jordan.martinez@example.com
61,Jamie Petrauskas,Site Reliability Engineer,DevOps,Remote - EST,jamie.petrauskas@example.com
62,Marin Sullivan,Analyst,Research,"Berlin, DE",marin.sullivan@example.com
63,Parker Brown,Data Scientist,Mobile,"New York, NY",parker.brown@example.com
64,Rasa Gruber,Engineering Manager,Platform,Remote - CET,rasa.gruber@example.com
65,Jordan Garcia,Product Designer,DevOps,"Copenhagen, DK",jordan.garcia@example.com
66,Jordan Nelson,Senior Software Engineer,Backend,"San Francisco, CA",jordan.nelson@example.com
67,Ona Nguyen,UX Researcher,Mobile,"London, UK",ona.nguyen@example.com
68,Quinn Vilkas,Product Designer,Mobile,"New York, NY",quinn.vilkas@example.com
69,Dov Nguyen,DevOps Engineer,Security,Remote - CET,dov.nguyen@example.com
70,Jamie Brown,UX Researcher,Data,"Vilnius, LT",jamie.brown@example.com
71,Jamie Scott,Product Manager,Design,"Berlin, DE",jamie.scott@example.com
72,Kai Petrauskas,Site Reliability Engineer,Frontend,"New York, NY",kai.petrauskas@example.com
73,Nico Perez,Product Designer,Frontend,"San Francisco, CA",nico.perez@example.com
74,Ivy Brown,Engineering Manager,Design,"Copenhagen, DK",ivy.brown@example.com
75,Sky Vilkas,Senior Software Engineer,Mobile,Remote - CET,sky.vilkas@example.com
76,Elliot Martinez,Researcher,Research,Remote - EST,elliot.martinez@example.com
77,Dov Lazauskas,UX Researcher,Research,"New York, NY",dov.lazauskas@example.com
78,Ruta Vasiliauskas,Engineering Manager,Design,"San Francisco, CA",ruta.vasiliauskas@example.com
79,Avery Lee,Senior Software Engineer,Frontend,"Copenhagen, DK",avery.lee@example.com
80,Kendall Clark,Product Designer,Mobile,Remote - CET,kendall.clark@example.com
81,Reese Harris,UX Researcher,Design,"Berlin, DE",reese.harris@example.com
82,Jamie Vilkas,Security Engineer,Platform,"San Francisco, CA",jamie.vilkas@example.com
83,Asta Green,Technical Writer,Design,"New York, NY",asta.green@example.com
84,Alex King,Site Reliability Engineer,Backend,Remote - EST,alex.king@example.com
85,Drew Gruber,Researcher,Research,"London, UK",drew.gruber@example.com
86,Milos Peterson,Senior Software Engineer,Frontend,"Copenhagen, DK",milos.peterson@example.com
87,Ivy Garcia,Technical Writer,Data,"Copenhagen, DK",ivy.garcia@example.com
88,Marin Lopez,Software Engineer,Design,Remote - CET,marin.lopez@example.com
89,Riley Vilkas,QA Engineer,Mobile,"Vilnius, LT",riley.vilkas@example.com
90,Ruta Kim,QA Engineer,Research,"London, UK",ruta.kim@example.com
91,Dov Gruber,Product Manager,Mobile,"Copenhagen, DK",dov.gruber@example.com
92,Blake Vilkas,DevOps Engineer,Platform,"Copenhagen, DK",blake.vilkas@example.com
93,Egle Petrauskas,QA Engineer,Growth,"Vilnius, LT",egle.petrauskas@example.com
94,Kendall Martinez,Site Reliability Engineer,Frontend,"London, UK",kendall.martinez@example.com
95,Riley Zukauskas,Researcher,Mobile,"Vilnius, LT",riley.zukauskas@example.com
96,Nico Wright,Data Scientist,Mobile,"Vilnius, LT",nico.wright@example.com
97,Sam Harris,Designer,Growth,Remote - CET,sam.harris@example.com
98,Kendall Zukauskas,Senior Software Engineer,Design,Remote - CET,kendall.zukauskas@example.com
99,Justas Nelson,DevOps Engineer,Research,Remote - CET,justas.nelson@example.com
100,Sam Kim,Security Engineer,Design,"Copenhagen, DK",sam.kim@example.com
